candidate_id,symbol,pattern,reference_period,source_name,source_url,evidence_strength,ohlcv_source,status,notes
p8-0001,AAPL,FLAT_BASE,2019-08_to_2019-10,Investor's Business Daily,https://www.investors.com/how-to-invest/investors-corner/apple-stock-aapl/,EXPLICIT,UNRESOLVED,CANDIDATE,"IBD explicitly describes Apple forming a flat base after the August 2019 cup-with-handle breakout; exact window to adjudicate before LabelEvidence promotion."
p8-0002,SPOT,CUP_WITH_HANDLE,2023-07,Investor's Business Daily,https://www.investors.com/how-to-invest/investors-corner/how-to-invest-what-is-base-counting-and-how-can-it-help-you-manage-your-investing-risk/,EXPLICIT,UNRESOLVED,CANDIDATE,"IBD base-counting example explicitly says Spotify formed a cup-with-handle base in July 2023."
p8-0003,SPOT,FLAT_BASE,2024,Investor's Business Daily,https://www.investors.com/how-to-invest/investors-corner/how-to-invest-what-is-base-counting-and-how-can-it-help-you-manage-your-investing-risk/,EXPLICIT,UNRESOLVED,CANDIDATE,"IBD explicitly says Spotify formed a series of three flat bases in 2024; must split into individual windows before promotion."
p8-0004,SPOT,DOUBLE_BOTTOM,2025,Investor's Business Daily,https://www.investors.com/how-to-invest/investors-corner/how-to-invest-what-is-base-counting-and-how-can-it-help-you-manage-your-investing-risk/,EXPLICIT,UNRESOLVED,CANDIDATE,"IBD explicitly says Spotify later formed a double-bottom base; exact window requires adjudication."
p8-0005,STT,ASCENDING_BASE,2026-06_to_2026-08,Investor's Business Daily,https://www.investors.com/stock-lists/ibd-50/state-street-stt-stock-ibd-50-chart-pattern-base-markets-investing/,EXPLICIT,UNRESOLVED,CANDIDATE,"IBD calls State Street a textbook ascending base and gives pullbacks of 6%, 9%, 6%."
p8-0006,NAVN,ASCENDING_BASE,2026-06_to_2026-08,Investor's Business Daily,https://www.investors.com/stock-lists/ibd-50/state-street-stt-stock-ibd-50-chart-pattern-base-markets-investing/,EXPLICIT,UNRESOLVED,CANDIDATE,"IBD explicitly says Navan crafted an ascending base from June through August 2026."
p8-0007,GVA,BASE_ON_BASE,2024,Investor's Business Daily,https://www.investors.com/research/ibd-stock-of-the-day/granite-construction-gva-stock-infrastructure-play-buy-point/,EXPLICIT,UNRESOLVED,CANDIDATE,"IBD Stock Of The Day explicitly identifies GVA as approaching a base-on-base buy point and describes current/prior flat-base relation."
p8-0008,TSM,CUP_WITH_HANDLE,2024-10_to_2024-12,Investor's Business Daily,https://www.investors.com/stock-lists/ibd-50/taiwan-semiconductor-tsmc-stock-tsm-tradeweb-markets-tw-makemytrip-mmyt/,EXPLICIT,UNRESOLVED,CANDIDATE,"IBD explicitly identifies a stage-four cup-with-handle beginning after Oct. 17, 2024 reversal, with 205.63 buy point."
p8-0009,TW,FLAT_BASE,2024-11,Investor's Business Daily,https://www.investors.com/stock-lists/ibd-50/taiwan-semiconductor-tsmc-stock-tsm-tradeweb-markets-tw-makemytrip-mmyt/,EXPLICIT,UNRESOLVED,CANDIDATE,"IBD explicitly identifies Tradeweb's stage-two flat base and Nov. 20 breakout at 136.13."
p8-0010,MELI,FLAT_BASE,2024-06,Investor's Business Daily,https://www.investors.com/stock-lists/ibd-50/mercadolibre-a-few-other-growth-stocks-among-new-faces-in-ibd-50/,EXPLICIT,UNRESOLVED,CANDIDATE,"IBD explicitly says MercadoLibre was forming a flat base with 1792.05 buy point; article also notes alternate interpretation as handle of larger CWH, useful ambiguity case."
p8-0011,BRP,CUP_WITH_HANDLE,2020,Investor's Business Daily Top Stocks 2020,https://shop.investors.com/images/promotional/shop/assets/pdf/TopStocks-2020.pdf,EXPLICIT,UNRESOLVED,CANDIDATE,"IBD publication explicitly says BRP Group was forming a cup-with-handle base with 18.88 buy point."
p8-0012,IPHI,CUP_WITH_HANDLE,2019-06,Investor's Business Daily Top Stocks 2019,https://shop.investors.com/images/promotional/shop/assets/pdf/TopStocks-2019.pdf,EXPLICIT,EXTERNAL_REQUIRED,CANDIDATE,"IBD publication explicitly says Inphi joined Breakout Stocks Index while forming a cup-with-handle base; delisted ticker likely requires external historical OHLCV."
p8-0013,IPHI,DOUBLE_BOTTOM,2019-10,Investor's Business Daily Top Stocks 2019,https://shop.investors.com/images/promotional/shop/assets/pdf/TopStocks-2019.pdf,EXPLICIT,EXTERNAL_REQUIRED,CANDIDATE,"Same IBD publication explicitly describes a third-stage double-bottom base with 64.85 buy point; useful second pattern for a delisted security."
p8-0014,MBLY,DOUBLE_BOTTOM,2016,MarketSmith Stock Guide Spring 2017,https://marketsurge-files.investors.com/2020/04/stockguide-spring2017.pdf,EXPLICIT,EXTERNAL_REQUIRED,CANDIDATE,"MarketSmith guide explicitly describes Mobileye as following a first-stage eight-week double-bottom base; historical/delisted lineage requires external OHLCV resolution."
p8-0015,SEI,BASE_ON_BASE,2024,Investor's Business Daily,https://www.investors.com/how-to-invest/investors-corner/stock-market-winners-take-flight-base-on-base-pattern/,EXPLICIT,UNRESOLVED,CANDIDATE,"IBD discusses Solaris Energy as a base-on-base-on-base example in spirit, including a double-bottom component; requires adjudication before exact label/window."
p8-0016,CAT,BASE_ON_BASE,2025,Investor's Business Daily,https://www.investors.com/how-to-invest/investors-corner/stock-market-winners-take-flight-base-on-base-pattern/,EXPLICIT,UNRESOLVED,CANDIDATE,"IBD explicitly calls Caterpillar a conventional base-on-base: giant cup followed quickly by flat base, breakout in mid-September."
p8-0017,SNPS,FLAT_BASE,2023-04_to_2023-05,Investor's Business Daily,https://www.investors.com/how-to-invest/investors-corner/growth-stock-synopsys-blasted-from-this-bullish-pattern-found-in-many-market-winners/,EXPLICIT,UNRESOLVED,CANDIDATE,"IBD explicitly describes Synopsys starting a six-week flat base from its April 4 peak at 392.79 and breaking out May 18."
p8-0018,OLED,CUP_WITH_HANDLE,2019-06,Investor's Business Daily Top Stocks 2019,https://shop.investors.com/images/promotional/shop/assets/pdf/TopStocks-2019.pdf,EXPLICIT,UNRESOLVED,CANDIDATE,"IBD Top Stocks states Universal Display broke out June 18 from a second-stage cup-with-handle base at 177.05."
p8-0019,MKTX,CUP_WITH_HANDLE,2019-12,Investor's Business Daily Top Stocks 2019,https://shop.investors.com/images/promotional/shop/assets/pdf/TopStocks-2019.pdf,EXPLICIT,UNRESOLVED,CANDIDATE,"IBD Top Stocks says MarketAxess formed a handle and showed a 411.97 buy point in a cup-with-handle base."
p8-0020,SEDG,CUP_WITH_HANDLE,2019-12,Investor's Business Daily Top Stocks 2019,https://shop.investors.com/images/promotional/shop/assets/pdf/TopStocks-2019.pdf,EXPLICIT,UNRESOLVED,CANDIDATE,"IBD Top Stocks explicitly says SolarEdge formed a cup-with-handle base on a weekly chart with a 96.74 buy point."
p8-0021,ELF,FLAT_BASE,2022-12,MarketSmith Stock Guide 2023 Q4,https://marketsurge-files.investors.com/2023/12/StockGuide-Q4-2023.pdf,EXPLICIT,UNRESOLVED,CANDIDATE,"MarketSmith guide says ELF was trading tightly and consolidating in a flat base by mid-December 2022 and identifies a second-stage flat-base breakout on Dec. 22."
p8-0022,ELF,CUP_WITH_HANDLE,2022-07,MarketSmith Stock Guide 2023 Q4,https://marketsurge-files.investors.com/2023/12/StockGuide-Q4-2023.pdf,EXPLICIT,UNRESOLVED,CANDIDATE,"Same MarketSmith guide explicitly references ELF's cup-with-handle breakout on July 21, 2022."
p8-0023,AMZN,CUP_NO_HANDLE,2023-09_to_2023-11,Investor's Business Daily,https://www.investors.com/how-to-invest/investors-corner/amazon-stock-chart-patterns/,EXPLICIT,UNRESOLVED,CANDIDATE,"IBD explicitly presents Amazon as a cup-without-handle winner, says the base began September 2023, declined 19%, and broke out past 145.86 in the week of Nov. 17."
p8-0024,JPM,CUP_NO_HANDLE,2023-08_to_2023-12,Investor's Business Daily,https://www.investors.com/how-to-invest/investors-corner/amazon-stock-chart-patterns/,EXPLICIT,UNRESOLVED,CANDIDATE,"IBD says JPMorgan formed a cup base from August through November 2023 and broke out in December; candidate for cup-without-handle adjudication."
p8-0025,NVDA,DOUBLE_BOTTOM,2023-11,Investor's Business Daily,https://www.investors.com/how-to-invest/investors-corner/stock-market-winners-often-do-this-before-big-price-move/,EXPLICIT,UNRESOLVED,CANDIDATE,"IBD explicitly states Nvidia broke out of a double-bottom base in early November 2023 with a 47.61 entry."
p8-0026,NVDA,FLAT_BASE,2023-11_to_2024-01,Investor's Business Daily,https://www.investors.com/how-to-invest/investors-corner/stock-market-winners-often-do-this-before-big-price-move/,EXPLICIT,UNRESOLVED,CANDIDATE,"IBD explicitly states Nvidia then settled into a flat base and broke out in early January 2024 at 50.55."
p8-0027,NVDA,BASE_ON_BASE,2023-11_to_2024-01,Investor's Business Daily,https://www.investors.com/how-to-invest/investors-corner/stock-market-winners-often-do-this-before-big-price-move/,EXPLICIT,UNRESOLVED,CANDIDATE,"IBD explicitly says Nvidia's flat base was part of a base-on-base structure following the November 2023 double-bottom breakout."
p8-0028,B,FLAT_BASE,2025-07,Investor's Business Daily,https://www.investors.com/how-to-invest/investors-corner/stock-market-winners-often-do-this-before-big-price-move/,EXPLICIT,UNRESOLVED,CANDIDATE,"IBD says Barrick Mining started moving out of a flat base during the week of July 25, 2025."
p8-0029,NFLX,CUP_WITH_HANDLE,2023-02_to_2023-05,Investor's Business Daily,https://www.investors.com/how-to-invest/investors-corner/netflix-stock-chart-pattern/,EXPLICIT,UNRESOLVED,CANDIDATE,"IBD MarketSurge explicitly labels Netflix's early-2023 cup with handle; cup began Feb. 3, was 25% deep, handle 10% deep for six weeks, breakout May 18 at 349.80."
p8-0030,MRX,ASCENDING_BASE,2026,Investor's Business Daily,https://www.investors.com/research/the-new-america/financial-services-leader-marex-breaks-out-past-buy-point-and-into-new-highs/,EXPLICIT,UNRESOLVED,CANDIDATE,"IBD says Marex is breaking out above a 75.40 ascending-base entry according to MarketSurge chart analysis."
p8-0031,IBKR,FLAT_BASE,2025-09,Investor's Business Daily,https://www.investors.com/news/robinhood-stock-financial-stocks-ibkr-schw/,EXPLICIT,UNRESOLVED,CANDIDATE,"IBD says Interactive Brokers was forming a flat base with a 68.07 buy point according to MarketSurge pattern recognition and notes tight trading in the pattern."
